{"cameraMode":{"drawMode":0,"name":"Shaded","section":"Shading Mode"},"sceneLighting":false,"audioPlay":false,"sceneViewState":{"m_AlwaysRefresh":false,"showFog":true,"showSkybox":false,"showFlares":true,"showImageEffects":true,"showParticleSystems":true,"showVisualEffectGraphs":true,"m_FxEnabled":true},"in2DMode":false,"pivot":{"x":-0.40000009536743166,"y":4.079999923706055,"z":-4.880000114440918},"rotation":{"x":0.03524477034807205,"y":-0.9631040692329407,"z":0.21526625752449037,"w":0.15769512951374055},"size":12.12435531616211,"orthographic":false}